taxid,name,nametype,rank
29,Myxococcales,scientific name,order
112,Planctomycetales,scientific name,order
136,Spirochaetales,scientific name,order
356,Rhizobiales,scientific name,order
766,Rickettsiales,scientific name,order
1118,Chroococcales,scientific name,order
1150,Oscillatoriales,scientific name,order
1161,Nostocales,scientific name,order
1385,Bacillales,scientific name,order
2037,Actinomycetales,scientific name,order
2085,Mycoplasmatales,scientific name,order
2158,Methanobacteriales,scientific name,order
2182,Methanococcales,scientific name,order
2191,Methanomicrobiales,scientific name,order
2231,Archaeoglobales,scientific name,order
2235,Halobacteriales,scientific name,order
2258,Thermococcales,scientific name,order
2266,Thermoproteales,scientific name,order
2281,Sulfolobales,scientific name,order
2301,Thermoplasmatales,scientific name,order
2419,Thermotogales,scientific name,order
2798,Porphyridiales,scientific name,order
2802,Ceramiales,scientific name,order
2807,Nemaliales,scientific name,order
2819,Palmariales,scientific name,order
2873,Dictyotales,scientific name,order
2877,Ectocarpales,scientific name,order
2886,Laminariales,scientific name,order
2910,Peridiniales,scientific name,order
2942,Prorocentrales,scientific name,order
2953,Gymnodiniales,scientific name,order
2964,Noctilucales,scientific name,order
2970,Pyrocystales,scientific name,order
2974,Vaucheriales,scientific name,order
2978,Tribonematales,scientific name,order
3009,Fucales,scientific name,order
3042,Chlamydomonadales,scientific name,order
3113,Ulvales,scientific name,order
3134,Dasycladales,scientific name,order
3172,Klebsormidiales,scientific name,order
3176,Zygnematales,scientific name,order
3183,Cladophorales,scientific name,order
3199,Jungermanniales,scientific name,order
3210,Polytrichales,scientific name,order
3215,Funariales,scientific name,order
3219,Dicranales,scientific name,order
3226,Bryales,scientific name,order
3237,Psilotales,scientific name,order
3244,Selaginellales,scientific name,order
3249,Lycopodiales,scientific name,order
3255,Equisetales,scientific name,order
3264,Marattiales,scientific name,order
3268,Polypodiales,scientific name,order
3297,Cycadales,scientific name,order
3308,Ginkgoales,scientific name,order
3374,Welwitschiales,scientific name,order
3378,Gnetales,scientific name,order
3385,Ephedrales,scientific name,order
3400,Magnoliales,scientific name,order
3432,Laurales,scientific name,order
3502,Fagales,scientific name,order
3524,Caryophyllales,scientific name,order
3646,Malpighiales,scientific name,order
3699,Brassicales,scientific name,order
3744,Rosales,scientific name,order
4036,Apiales,scientific name,order
4055,Gentianales,scientific name,order
4069,Solanales,scientific name,order
4143,Lamiales,scientific name,order
4199,Dipsacales,scientific name,order
4209,Asterales,scientific name,order
4618,Zingiberales,scientific name,order
4667,Liliales,scientific name,order
4739,Commelinales,scientific name,order
4763,Saprolegniales,scientific name,order
4776,Peronosporales,scientific name,order
4800,Lagenidiales,scientific name,order
4805,Blastocladiales,scientific name,order
4810,Chytridiales,scientific name,order
4827,Mucorales,scientific name,order
4857,Entomophthorales,scientific name,order
4861,Kickxellales,scientific name,order
4869,Endogonales,scientific name,order
4892,Saccharomycetales,scientific name,order
5008,Taphrinales,scientific name,order
5014,Dothideales,scientific name,order
5042,Eurotiales,scientific name,order
5114,Diaporthales,scientific name,order
5120,Erysiphales,scientific name,order
5125,Hypocreales,scientific name,order
5135,Phyllachorales,scientific name,order
5139,Sordariales,scientific name,order
5151,Ophiostomatales,scientific name,order
5178,Helotiales,scientific name,order
5185,Pezizales,scientific name,order
5197,Lecanorales,scientific name,order
5226,Auriculariales,scientific name,order
5234,Tremellales,scientific name,order
5244,Septobasidiales,scientific name,order
5258,Pucciniales,scientific name,order
5267,Ustilaginales,scientific name,order
5303,Polyporales,scientific name,order
5338,Agaricales,scientific name,order
5404,Exobasidiales,scientific name,order
5592,Microascales,scientific name,order
5653,Kinetoplastida,scientific name,order
5789,Physariida,scientific name,order
5819,Haemosporida,scientific name,order
5957,Heterotrichida,scientific name,order
5989,Haptorida,scientific name,order
6001,Prorodontida,scientific name,order
6049,Haplosclerida,scientific name,order
6103,Actiniaria,scientific name,order
6125,Scleractinia,scientific name,order
6133,Pennatulacea,scientific name,order
6143,Semaeostomeae,scientific name,order
6159,Tricladida,scientific name,order
6163,Polycladida,scientific name,order
6169,Lecithoepitheliata,scientific name,order
6180,Strigeidida,scientific name,order
6193,Opisthorchiida,scientific name,order
6201,Cyclophyllidea,scientific name,order
6219,Heteronemertea,scientific name,order
6227,Monostilifera,scientific name,order
6236,Rhabditida,scientific name,order
6249,Ascaridida,scientific name,order
6274,Spirurida,scientific name,order
6300,Tylenchida,scientific name,order
6329,Trichinellida,scientific name,order
6342,Capitellida,scientific name,order
6348,Phyllodocida,scientific name,order
6362,Sabellida,scientific name,order
6373,Terebellida,scientific name,order
6382,Haplotaxida,scientific name,order
6406,Rhynchobdellida,scientific name,order
6428,Xenopneusta,scientific name,order
6512,Gymnosomata,scientific name,order
6527,Stylommatophora,scientific name,order
6546,Mytiloida,scientific name,order
6552,Arcoida,scientific name,order
6562,Ostreoida,scientific name,order
6580,Veneroida,scientific name,order
6638,Octopoda,scientific name,order
6651,Neoloricata,scientific name,order
6659,Anostraca,scientific name,order
6683,Decapoda,scientific name,order
6816,Euphausiacea,scientific name,order
6821,Amphipoda,scientific name,order
6833,Calanoida,scientific name,order
6839,Arguloida,scientific name,order
6845,Xiphosura,scientific name,order
6855,Scorpiones,scientific name,order
6893,Araneae,scientific name,order
6935,Ixodida,scientific name,order
6961,Odonata,scientific name,order
6993,Orthoptera,scientific name,order
7020,Phasmatodea,scientific name,order
7041,Coleoptera,scientific name,order
7088,Lepidoptera,scientific name,order
7147,Diptera,scientific name,order
7399,Hymenoptera,scientific name,order
7504,Mantodea,scientific name,order
7509,Siphonaptera,scientific name,order
7516,Neuroptera,scientific name,order
7524,Hemiptera,scientific name,order
7563,Porocephalida,scientific name,order
7570,Lingulida,scientific name,order
7578,Terebratulida,scientific name,order
7581,Comatulida,scientific name,order
7591,Velatida,scientific name,order
7599,Forcipulatida,scientific name,order
7619,Ophiurida,scientific name,order
7627,Cidaroida,scientific name,order
7675,Echinoida,scientific name,order
7682,Aspidochirotida,scientific name,order
7695,Molpadiida,scientific name,order
7701,Apodida,scientific name,order
7707,Dendrochirotida,scientific name,order
7720,Stolidobranchia,scientific name,order
7745,Petromyzontiformes,scientific name,order
7761,Myxiniformes,scientific name,order
7858,Rajiformes,scientific name,order
7864,Chimaeriformes,scientific name,order
7879,Lepidosireniformes,scientific name,order
7894,Coelacanthiformes,scientific name,order
7899,Acipenseriformes,scientific name,order
7914,Semionotiformes,scientific name,order
7921,Amiiformes,scientific name,order
7925,Elopiformes,scientific name,order
7933,Anguilliformes,scientific name,order
7952,Cypriniformes,scientific name,order
7991,Characiformes,scientific name,order
7995,Siluriformes,scientific name,order
8002,Gymnotiformes,scientific name,order
8006,Salmoniformes,scientific name,order
8007,Esociformes,scientific name,order
8043,Gadiformes,scientific name,order
8064,Batrachoidiformes,scientific name,order
8070,Lophiiformes,scientific name,order
8075,Atheriniformes,scientific name,order
8111,Perciformes,scientific name,order
8252,Pleuronectiformes,scientific name,order
8277,Beryciformes,scientific name,order
8288,Polypteriformes,scientific name,order
8293,Caudata,scientific name,order
8342,Anura,scientific name,order
8445,Gymnophiona,scientific name,order
8459,Testudines,scientific name,order
8505,Sphenodontia,scientific name,order
8509,Squamata,scientific name,order
8784,Casuariiformes,scientific name,order
8792,Rheiformes,scientific name,order
8798,Struthioniformes,scientific name,order
8802,Tinamiformes,scientific name,order
8808,Dinornithiformes,scientific name,order
8819,Apterygiformes,scientific name,order
8826,Anseriformes,scientific name,order
8892,Apodiformes,scientific name,order
8902,Caprimulgiformes,scientific name,order
8906,Charadriiformes,scientific name,order
8920,Ciconiiformes,scientific name,order
8929,Columbiformes,scientific name,order
8936,Coraciiformes,scientific name,order
8940,Cuculiformes,scientific name,order
8948,Falconiformes,scientific name,order
8976,Galliformes,scientific name,order
9108,Gruiformes,scientific name,order
9126,Passeriformes,scientific name,order
9205,Pelecaniformes,scientific name,order
9214,Phoenicopteriformes,scientific name,order
9219,Piciformes,scientific name,order
9223,Psittaciformes,scientific name,order
9230,Sphenisciformes,scientific name,order
9245,Turniciformes,scientific name,order
9255,Monotremata,scientific name,order
9362,Insectivora,scientific name,order
9392,Scandentia,scientific name,order
9397,Chiroptera,scientific name,order
9443,Primates,scientific name,order
9721,Cetacea,scientific name,order
9774,Sirenia,scientific name,order
9779,Proboscidea,scientific name,order
9787,Perissodactyla,scientific name,order
9810,Hyracoidea,scientific name,order
9815,Tubulidentata,scientific name,order
9971,Pholidota,scientific name,order
9975,Lagomorpha,scientific name,order
9989,Rodentia,scientific name,order
10207,Cheilostomatida,scientific name,order
10215,Dicyemida,scientific name,order
10234,Moniliformida,scientific name,order
11157,Mononegavirales,scientific name,order
13792,Mamiellales,scientific name,order
13794,Andreaeales,scientific name,order
13798,Hypnales,scientific name,order
13802,Sphagnales,scientific name,order
13810,Anthocerotales,scientific name,order
13827,Ophioglossales,scientific name,order
13836,Isoetales,scientific name,order
16360,Alismatales,scientific name,order
16736,Piperales,scientific name,order
27386,Arhynchobdellida,scientific name,order
27412,Cumacea,scientific name,order
27420,Mecoptera,scientific name,order
27434,Dermaptera,scientific name,order
27838,Mermithida,scientific name,order
27871,Plagiorchiida,scientific name,order
27901,Rhabdocoela,scientific name,order
27919,Cestida,scientific name,order
27921,Lobata,scientific name,order
27925,Poecilosclerida,scientific name,order
27937,Phytodiniales,scientific name,order
27945,Sphacelariales,scientific name,order
27949,Syringodermatales,scientific name,order
27998,Perkinsida,scientific name,order
28009,Choanoflagellida,scientific name,order
28017,Gigartinales,scientific name,order
28734,Macroscelidea,scientific name,order
28738,Cyprinodontiformes,scientific name,order
28842,Pseudophyllidea,scientific name,order
28883,Caudovirales,scientific name,order
28908,Marchantiales,scientific name,order
28997,Dacrymycetales,scientific name,order
29006,Neocallimastigales,scientific name,order
29140,Gonorynchiformes,scientific name,order
29185,Rotaliida,scientific name,order
29216,Bangiales,scientific name,order
29247,Rhodymeniales,scientific name,order
29823,Neolectales,scientific name,order
29979,Isopoda,scientific name,order
29993,Cephalobaenida,scientific name,order
29994,Archaeognatha,scientific name,order
30073,Ephemeroptera,scientific name,order
30259,Psocoptera,scientific name,order
30261,Strepsiptera,scientific name,order
30262,Thysanoptera,scientific name,order
30263,Trichoptera,scientific name,order
30264,Zygentoma,scientific name,order
30265,Zoraptera,scientific name,order
30266,Spirobolida,scientific name,order
30267,Spirostreptida,scientific name,order
30307,Salpida,scientific name,order
30411,Gaviiformes,scientific name,order
30416,Opisthocomiformes,scientific name,order
30447,Podicipediformes,scientific name,order
30449,Procellariiformes,scientific name,order
30458,Strigiformes,scientific name,order
30483,Carcharhiniformes,scientific name,order
30495,Hexanchiformes,scientific name,order
30496,Lamniformes,scientific name,order
30503,Orectolobiformes,scientific name,order
30656,Dermoptera,scientific name,order
31022,Tetraodontiformes,scientific name,order
31097,Zeiformes,scientific name,order
31172,Diadematoida,scientific name,order
31182,Arbacoida,scientific name,order
31184,Temnopleuroida,scientific name,order
31186,Clypeasteroida,scientific name,order
31277,Hymenostomatida,scientific name,order
31299,Chaetophorales,scientific name,order
31305,Tetrasporales,scientific name,order
31306,Ulotrichales,scientific name,order
31337,Desmarestiales,scientific name,order
31351,Erythropeltidales,scientific name,order
31355,Acrochaetiales,scientific name,order
31361,Ahnfeltiales,scientific name,order
31364,Bonnemaisoniales,scientific name,order
31370,Batrachospermales,scientific name,order
31395,Corallinales,scientific name,order
31399,Gelidiales,scientific name,order
31468,Gracilariales,scientific name,order
31477,Hildenbrandiales,scientific name,order
31491,Rhodogorgonales,scientific name,order
31932,Nitrosopumilales,scientific name,order
32003,Nitrosomonadales,scientific name,order
32064,Chloroflexales,scientific name,order
32069,Aquificales,scientific name,order
32446,Clupeiformes,scientific name,order
32578,Nautilida,scientific name,order
32585,Dentaliida,scientific name,order
32586,Gadilida,scientific name,order
33104,Bryopsidales,scientific name,order
33183,Onygenales,scientific name,order
33485,Rhynchonellida,scientific name,order
33512,Aphragmophora,scientific name,order
33513,Phragmophora,scientific name,order
33554,Carnivora,scientific name,order
33628,Cephalodiscida,scientific name,order
33629,Rhabdopleurida,scientific name,order
33651,Bicosoecida,scientific name,order
33654,Hibberdiales,scientific name,order
33825,Peniculida,scientific name,order
33828,Loxodida,scientific name,order
33830,Armophorida,scientific name,order
33831,Euplotida,scientific name,order
33832,Stichotrichida,scientific name,order
33833,Vestibuliferida,scientific name,order
33835,Thoracosphaerales,scientific name,order
33838,Eupodiscales,scientific name,order
33841,Melosirales,scientific name,order
33844,Rhizosoleniales,scientific name,order
33847,Thalassiosirales,scientific name,order
33851,Bacillariales,scientific name,order
33855,Fragilariales,scientific name,order
34158,Metzgeriales,scientific name,order
34346,Schizosaccharomycetales,scientific name,order
34395,Chaetothyriales,scientific name,order
34420,Atractiellales,scientific name,order
34478,Spizellomycetales,scientific name,order
34634,Mesostigmata,scientific name,order
35058,Phymosomatoida,scientific name,order
35064,Cassiduloida,scientific name,order
35087,Eugregarinorida,scientific name,order
35203,Plocamiales,scientific name,order
35423,Pedinomonadales,scientific name,order
35426,Chlorodendrales,scientific name,order
35430,Scourfieldiales,scientific name,order
35443,Trentepohliales,scientific name,order
35460,Chlorellales,scientific name,order
35488,Ctenocladales,scientific name,order
35490,Oedogoniales,scientific name,order
35491,Sphaeropleales,scientific name,order
35583,Bivalvulida,scientific name,order
35680,Pedinellales,scientific name,order
35685,Dictyochales,scientific name,order
36064,Cantharellales,scientific name,order
36660,Azygiida,scientific name,order
36750,Glomerales,scientific name,order
37104,Trichomonadida,scientific name,order
37407,Sphaerocarpales,scientific name,order
37417,Tetraphidales,scientific name,order
37472,Cyrtophorida,scientific name,order
37512,Ceriantharia,scientific name,order
37528,Stauromedusae,scientific name,order
37535,Rhizostomeae,scientific name,order
37538,Beroida,scientific name,order
37864,Protostomatida,scientific name,order
37882,Patellariales,scientific name,order
37903,Pygophora,scientific name,order
37905,Apygophora,scientific name,order
37910,Kentrogonida,scientific name,order
37987,Pneumocystidales,scientific name,order
37989,Xylariales,scientific name,order
38074,Ostropales,scientific name,order
38255,Glaucocystales,scientific name,order
38262,Gloeochaetales,scientific name,order
38585,Pottiales,scientific name,order
38605,Didelphimorphia,scientific name,order
38606,Paucituberculata,scientific name,order
38607,Microbiotheria,scientific name,order
38608,Dasyuromorphia,scientific name,order
38609,Diprotodontia,scientific name,order
38610,Notoryctemorphia,scientific name,order
38611,Peramelemorphia,scientific name,order
38748,Naviculales,scientific name,order
38820,Poales,scientific name,order
38834,Pyramimonadales,scientific name,order
39215,Macrostomida,scientific name,order
39226,Proseriata,scientific name,order
39563,Nassulida,scientific name,order
39677,Arthoniales,scientific name,order
40163,Polyopisthocotylea,scientific name,order
40548,Dioscoreales,scientific name,order
40550,Pandanales,scientific name,order
40551,Arecales,scientific name,order
40634,Entodiniomorphida,scientific name,order
40667,Heterodontiformes,scientific name,order
40677,Alcyonacea,scientific name,order
40984,Gonyaulacales,scientific name,order
41165,Schizopyrenida,scientific name,order
41166,Valvatida,scientific name,order
41212,Harpacticoida,scientific name,order
41317,Spatangoida,scientific name,order
41320,Chaetonotida,scientific name,order
41356,Solifugae,scientific name,order
41360,Scutigeromorpha,scientific name,order
41361,Scolopendromorpha,scientific name,order
41362,Lithobiomorpha,scientific name,order
41369,Echinothurioida,scientific name,order
41448,Julida,scientific name,order
41711,Osmeriformes,scientific name,order
41712,Osteoglossiformes,scientific name,order
41768,Ranunculales,scientific name,order
41798,Echiuroinea,scientific name,order
41872,Mugiliformes,scientific name,order
41934,Cornales,scientific name,order
41937,Sapindales,scientific name,order
41938,Malvales,scientific name,order
41943,Geraniales,scientific name,order
41944,Myrtales,scientific name,order
41945,Ericales,scientific name,order
41946,Saxifragales,scientific name,order
41947,Santalales,scientific name,order
42111,Microthamniales,scientific name,order
42656,Solemyoida,scientific name,order
42740,Slopalinida,scientific name,order
42759,Siphonophorae,scientific name,order
43183,Trachymedusae,scientific name,order
43184,Narcomedusae,scientific name,order
43267,Schizomida,scientific name,order
43271,Opiliones,scientific name,order
43693,Acrasida,scientific name,order
43697,Synbranchiformes,scientific name,order
44168,Antipatharia,scientific name,order
44295,Corallimorpharia,scientific name,order
44598,Pterioida,scientific name,order
44927,Zoantharia,scientific name,order
45038,Laboulbeniales,scientific name,order
45081,Polymorphida,scientific name,order
45086,Neoechinorhynchida,scientific name,order
45126,Clathrinida,scientific name,order
45225,Heterogastridiales,scientific name,order
45651,Sarcinochrysidales,scientific name,order
45676,Myriangiales,scientific name,order
46000,Dorylaimida,scientific name,order
46109,Astrorhizida,scientific name,order
46589,Spionida,scientific name,order
47126,Nuculoida,scientific name,order
47135,Gyracanthocephala,scientific name,order
47162,Cyttariales,scientific name,order
47166,Rhytismatales,scientific name,order
47521,Unionoida,scientific name,order
47536,Trigonioida,scientific name,order
48438,Stomiiformes,scientific name,order
48461,Verrucomicrobiales,scientific name,order
48846,Agaricostilbales,scientific name,order
50289,Halymeniales,scientific name,order
50341,Cydippida,scientific name,order
50482,Raphidioptera,scientific name,order
50553,Megaloptera,scientific name,order
50622,Plecoptera,scientific name,order
50657,Embioptera,scientific name,order
50827,Diplogasterida,scientific name,order
51241,Galaxiiformes,scientific name,order
51291,Chlamydiales,scientific name,order
51325,Chaetopeltidales,scientific name,order
51517,Homalorhagida,scientific name,order
51799,Pseudoscorpiones,scientific name,order
51985,Ctenostomatida,scientific name,order
52425,Polyxenida,scientific name,order
52604,Pleurocapsales,scientific name,order
53433,Halanaerobiales,scientific name,order
53684,Proteocephalidea,scientific name,order
53693,Chaetodermatida,scientific name,order
53694,Limifossorida,scientific name,order
54409,Pelagomonadales,scientific name,order
54526,Pelagibacterales,scientific name,order
54901,Chrysomeridales,scientific name,order
54906,Albuliformes,scientific name,order
55070,Microbotryales,scientific name,order
55286,Vampyromorpha,scientific name,order
55618,Euryalida,scientific name,order
55636,Elasipodida,scientific name,order
55644,Spinulosida,scientific name,order
55648,Paxillosida,scientific name,order
55652,Isocrinida,scientific name,order
55818,Branchiobdellida,scientific name,order
56301,Musophagiformes,scientific name,order
56308,Trogoniformes,scientific name,order
56487,Thelephorales,scientific name,order
56692,Trypanorhyncha,scientific name,order
56708,Tetraphyllidea,scientific name,order
57283,Echinorhynchida,scientific name,order
57287,Enoplida,scientific name,order
57379,Bucerotiformes,scientific name,order
57384,Coliiformes,scientific name,order
57389,Upupiformes,scientific name,order
58139,Ricinulei,scientific name,order
58151,Uropygi,scientific name,order
58364,Leptostraca,scientific name,order
58557,Grylloblattodea,scientific name,order
58774,Notostraca,scientific name,order
60152,Craterostigmomorpha,scientific name,order
60154,Geophilomorpha,scientific name,order
60525,Gigantorhynchida,scientific name,order
60527,Oligacanthorhynchida,scientific name,order
60884,Lyssacinosida,scientific name,order
60937,Acanthobdellida,scientific name,order
61421,Harpellales,scientific name,order
61977,Amblypygi,scientific name,order
62004,Glomerida,scientific name,order
62910,Entorrhizales,scientific name,order
62912,Doassansiales,scientific name,order
62913,Georgefischeriales,scientific name,order
62914,Entylomatales,scientific name,order
62916,Tilletiales,scientific name,order
62921,Urocystidales,scientific name,order
64935,Encalyptales,scientific name,order
64936,Grimmiales,scientific name,order
64937,Orthotrichales,scientific name,order
64938,Splachnales,scientific name,order
65387,Pholadomyoida,scientific name,order
65495,Eunicida,scientific name,order
65545,Hookeriales,scientific name,order
65575,Chaunacanthida,scientific name,order
65578,Symphyacanthida,scientific name,order
65583,Spumellaria,scientific name,order
65651,Holothyrida,scientific name,order
66275,Meliolales,scientific name,order
66288,Oxymonadida,scientific name,order
66524,Leptomyxida,scientific name,order
66723,Haplopharyngida,scientific name,order
66781,Bursovaginoidea,scientific name,order
68295,Thermoanaerobacterales,scientific name,order
68327,Thecideida,scientific name,order
68510,Aulopiformes,scientific name,order
68514,Myctophiformes,scientific name,order
68804,Phallales,scientific name,order
68889,Boletales,scientific name,order
68933,Thermales,scientific name,order
68985,Methanopyrales,scientific name,order
69467,Multivalvulida,scientific name,order
69541,Desulfuromonadales,scientific name,order
70219,Monhysterida,scientific name,order
70227,Rhigonematida,scientific name,order
70232,Mononchida,scientific name,order
70242,Chromadorida,scientific name,order
70426,Oxyurida,scientific name,order
70832,Takakiales,scientific name,order
70849,Nudibranchia,scientific name,order
71187,Canellales,scientific name,order
71239,Cucurbitales,scientific name,order
71243,Oxalidales,scientific name,order
71419,Polydesmida,scientific name,order
72025,Fabales,scientific name,order
72033,Siphonostomatoida,scientific name,order
72273,Thiotrichales,scientific name,order
72274,Pseudomonadales,scientific name,order
73020,Isochrysidales,scientific name,order
73026,Pavlovales,scientific name,order
73027,Coccosphaerales,scientific name,order
73028,Prymnesiales,scientific name,order
73496,Asparagales,scientific name,order
73930,Desmodorida,scientific name,order
74353,Salviniales,scientific name,order
74472,Cutleriales,scientific name,order
75394,Amphionidacea,scientific name,order
75395,Bathynellacea,scientific name,order
75396,Anaspidacea,scientific name,order
75397,Mictacea,scientific name,order
75398,Tanaidacea,scientific name,order
75399,Mysida,scientific name,order
75400,Lophogastrida,scientific name,order
75401,Spelaeogriphacea,scientific name,order
75402,Thermosbaenacea,scientific name,order
75739,Eucoccidiorida,scientific name,order
76071,Beloniformes,scientific name,order
76804,Nidovirales,scientific name,order
76828,Ascoseirales,scientific name,order
76838,Doliolida,scientific name,order
76842,Pyrosomata,scientific name,order
77029,Phaeothamniales,scientific name,order
78238,Macrodasyida,scientific name,order
78899,Zoopagales,scientific name,order
78918,Dimargaritales,scientific name,order
79272,Monoblepharidales,scientific name,order
79705,Symphypleona,scientific name,order
79708,Neelipleona,scientific name,order
79788,Prolecithophora,scientific name,order
79895,Blastodiniales,scientific name,order
80840,Burkholderiales,scientific name,order
81000,Homosclerophorida,scientific name,order
81377,Percopsiformes,scientific name,order
81382,Polymixiiformes,scientific name,order
81386,Lampriformes,scientific name,order
82163,Pleurochloridellales,scientific name,order
82956,Austrobaileyales,scientific name,order
83136,Trombidiformes,scientific name,order
83137,Sarcoptiformes,scientific name,order
84308,Cyclopoida,scientific name,order
84309,Platycopioida,scientific name,order
84310,Poecilostomatoida,scientific name,order
84311,Monstrilloida,scientific name,order
84312,Gelyelloida,scientific name,order
84313,Misophrioida,scientific name,order
84314,Mormonilloida,scientific name,order
84318,Podocopida,scientific name,order
84322,Myodocopida,scientific name,order
84332,Brachypoda,scientific name,order
84337,Diplostraca,scientific name,order
84394,Ploima,scientific name,order
84993,Acidimicrobiales,scientific name,order
84996,Rubrobacterales,scientific name,order
84999,Coriobacteriales,scientific name,order
85001,Sphaerobacterales,scientific name,order
85004,Bifidobacteriales,scientific name,order
85006,Micrococcales,scientific name,order
85007,Corynebacteriales,scientific name,order
85008,Micromonosporales,scientific name,order
85009,Propionibacteriales,scientific name,order
85010,Pseudonocardiales,scientific name,order
85011,Streptomycetales,scientific name,order
85012,Streptosporangiales,scientific name,order
85013,Frankiales,scientific name,order
85014,Glycomycetales,scientific name,order
85460,Arthracanthida,scientific name,order
85671,Lumbriculida,scientific name,order
85807,Agelasida,scientific name,order
85819,Phthiraptera,scientific name,order
85823,Blattodea,scientific name,order
86011,Leucosolenida,scientific name,order
86058,Coronatae,scientific name,order
86512,Helioporacea,scientific name,order
86612,Ptychodactiaria,scientific name,order
86649,Rhabdomonadales,scientific name,order
86650,Euglenales,scientific name,order
86651,Sphenomonadales,scientific name,order
86652,Eutreptiales,scientific name,order
86653,Heteronematales,scientific name,order
86882,Tilopteridales,scientific name,order
88344,Palpigradi,scientific name,order
88547,Syndiniales,scientific name,order
88559,Bryophryida,scientific name,order
88560,Cyrtolophosidida,scientific name,order
88566,Colpodida,scientific name,order
88567,Bursariomorphida,scientific name,order
88571,Bryometopida,scientific name,order
88639,Pertusariales,scientific name,order
88946,Bdellonemertea,scientific name,order
89954,Suessiales,scientific name,order
90883,Cystofilobasidiales,scientific name,order
90886,Filobasidiales,scientific name,order
91340,Opilioacarida,scientific name,order
91347,Enterobacterales,scientific name,order
91447,Telestacea,scientific name,order
91811,Ceratophyllales,scientific name,order
91812,Acorales,scientific name,order
91883,Aquifoliales,scientific name,order
91889,Garryales,scientific name,order
92860,Pleosporales,scientific name,order
92979,Leptomitales,scientific name,order
93808,Calosphaeriales,scientific name,order
94666,Clevelandellida,scientific name,order
94670,Plagiotomida,scientific name,order
94695,Methanosarcinales,scientific name,order
94929,Ophidiiformes,scientific name,order
96792,Chromulinales,scientific name,order
97224,Cymbellales,scientific name,order
97265,Cyclostomatida,scientific name,order
98040,Hexactinosida,scientific name,order
98056,Chrysosphaerales,scientific name,order
98652,Ochromonadales,scientific name,order
100121,Pyrenulales,scientific name,order
100871,Rhipidiales,scientific name,order
102300,Limoida,scientific name,order
104731,Myzostomida,scientific name,order
104779,Adinetida,scientific name,order
104783,Philodinida,scientific name,order
104795,Flosculariacea,scientific name,order
105648,Pedinoida,scientific name,order
105864,Brisingida,scientific name,order
105989,Platygloeales,scientific name,order
106218,Pectinoida,scientific name,order
107465,Teloschistales,scientific name,order
108232,Amphilinidea,scientific name,order
108235,Spathebothriidea,scientific name,order
108240,Caryophyllidea,scientific name,order
108244,Haplobothriidea,scientific name,order
108257,Diphyllidea,scientific name,order
108263,Lecanicephalidea,scientific name,order
108281,Tetrabothriidea,scientific name,order
108298,Rhinebothriidea,scientific name,order
110507,Rhodochaetales,scientific name,order
111859,Balbianiales,scientific name,order
113512,Andreaeobryales,scientific name,order
114380,Desulfurococcales,scientific name,order
114651,Diphysciales,scientific name,order
114659,Timmiales,scientific name,order
114661,Archidiales,scientific name,order
114662,Rhizogoniales,scientific name,order
114664,Hedwigiales,scientific name,order
114861,Araeolaimida,scientific name,order
115367,Craniida,scientific name,order
115797,Medeolariales,scientific name,order
116166,Pedunculata,scientific name,order
116167,Sessilia,scientific name,order
116170,Dendrogastrida,scientific name,order
116171,Laurida,scientific name,order
116175,Mystacocaridida,scientific name,order
116564,Nectiopoda,scientific name,order
116573,Platycopida,scientific name,order
116900,Nippotaeniidea,scientific name,order
117851,Myliobatiformes,scientific name,order
117887,Pristiformes/Rhiniformes group,scientific name,order
117888,Torpediniformes,scientific name,order
118015,Echinorhiniformes,scientific name,order
118078,Ceratodontiformes,scientific name,order
118184,Galbuliformes,scientific name,order
118449,Callipodida,scientific name,order
118457,Chordeumatida,scientific name,order
118461,Sphaerotheriida,scientific name,order
118485,Polyzoniida,scientific name,order
118489,Playtdesmida,scientific name,order
118964,Deinococcales,scientific name,order
118969,Legionellales,scientific name,order
119069,Hydrogenophilales,scientific name,order
119424,Dendroceratida,scientific name,order
119428,Dictyoceratida,scientific name,order
120408,Sclerosporales,scientific name,order
121007,Filospermoidea,scientific name,order
121069,Pythiales,scientific name,order
123989,Balliales,scientific name,order
126329,Gyrocotylidea,scientific name,order
128122,Limnomedusae,scientific name,order
129912,Syngnathiformes,scientific name,order
131210,Desmidiales,scientific name,order
131214,Chlorokybales,scientific name,order
133187,Litobothriidea,scientific name,order
133449,Peripodida,scientific name,order
134362,Capnodiales,scientific name,order
134613,Argentiniformes,scientific name,order
134677,Phaeothamnales,scientific name,order
135250,Prasiolales,scientific name,order
135613,Chromatiales,scientific name,order
135614,Xanthomonadales,scientific name,order
135615,Cardiobacteriales,scientific name,order
135618,Methylococcales,scientific name,order
135619,Oceanospirillales,scientific name,order
135622,Alteromonadales,scientific name,order
135623,Vibrionales,scientific name,order
135624,Aeromonadales,scientific name,order
135625,Pasteurellales,scientific name,order
135652,Lulworthiales,scientific name,order
137614,Stemonitida,scientific name,order
137622,Echinosteliales,scientific name,order
138177,Chlorosarcinales,scientific name,order
139380,Hymenochaetales,scientific name,order
140471,Platyctenida,scientific name,order
140484,Thalassocalycida,scientific name,order
141907,Scytothamnales,scientific name,order
142645,Sporochnales,scientific name,order
143303,Ateleopodiformes,scientific name,order
143896,Notacanthiformes,scientific name,order
146291,Verrucariales,scientific name,order
148099,Mycocaliciales,scientific name,order
149990,Parachela,scientific name,order
149991,Apochela,scientific name,order
152641,Coryneliales,scientific name,order
152647,Trichosphaeriales,scientific name,order
157608,Geastrales,scientific name,order
157821,Acarosporales,scientific name,order
158030,Thecosomata,scientific name,order
159314,Myzocytiopsidales,scientific name,order
160439,Mesostigmatales,scientific name,order
162474,Malasseziales,scientific name,order
162475,Microstromatales,scientific name,order
163513,Leptocylindrales,scientific name,order
163656,Exogenida,scientific name,order
163659,Evaginogenida,scientific name,order
163662,Endogenida,scientific name,order
164619,Sorogenida,scientific name,order
171549,Bacteroidales,scientific name,order
175240,Oltmansiellopsidales,scientific name,order
178369,Euglyphida,scientific name,order
178836,Halocyprida,scientific name,order
183770,Enterogona,scientific name,order
186023,Achnanthales,scientific name,order
186328,Entomoplasmatales,scientific name,order
186329,Acholeplasmatales,scientific name,order
186332,Anaeroplasmatales,scientific name,order
186784,Fossombroniales,scientific name,order
186785,Blasiales,scientific name,order
186787,Treubiales,scientific name,order
186788,Calobryales,scientific name,order
186798,Porellales,scientific name,order
186802,Clostridiales,scientific name,order
186826,Lactobacillales,scientific name,order
188710,Thermodesulfobacteriales,scientific name,order
188941,Cercomonadida,scientific name,order
188944,Thaumatomonadida,scientific name,order
189479,Orbiliales,scientific name,order
189769,Chrysiogenales,scientific name,order
189772,Herpetosiphonales,scientific name,order
189776,Thermomicrobiales,scientific name,order
189778,Nitrospirales,scientific name,order
190558,Chordodea,scientific name,order
190563,Gordea,scientific name,order
191393,Deferribacterales,scientific name,order
191411,Chlorobiales,scientific name,order
191554,Hysteriales,scientific name,order
191814,Diplonemida,scientific name,order
192413,Mantophasmatodea,scientific name,order
193033,Jahnulales,scientific name,order
195993,Mischococcales,scientific name,order
195995,Botrydiales,scientific name,order
196635,Eunotiales,scientific name,order
197906,Pleurostomatida,scientific name,order
197907,Cyclotrichida,scientific name,order
198613,Philasterida,scientific name,order
198614,Pleuronematida,scientific name,order
198615,Thigmotrichida,scientific name,order
198624,Dermocystida,scientific name,order
198625,Ichthyophonida,scientific name,order
199699,Nemastomatales,scientific name,order
200603,Kiitrichida,scientific name,order
200604,Tintinnida,scientific name,order
200605,Choreotrichida,scientific name,order
200644,Flavobacteriales,scientific name,order
200666,Sphingobacteriales,scientific name,order
203487,Dictyoglomales,scientific name,order
203491,Fusobacteriales,scientific name,order
204043,Cystobasidiales,scientific name,order
204044,Classiculales,scientific name,order
204433,Acidobacteriales,scientific name,order
204441,Rhodospirillales,scientific name,order
204455,Rhodobacterales,scientific name,order
204457,Sphingomonadales,scientific name,order
204458,Caulobacterales,scientific name,order
204509,Charales,scientific name,order
204510,Coleochaetales,scientific name,order
205948,Cenarchaeales,scientific name,order
206351,Neisseriales,scientific name,order
206389,Rhodocyclales,scientific name,order
208471,Trichiida,scientific name,order
211104,Liceales,scientific name,order
211184,Triplonchida,scientific name,order
211375,Isolaimida,scientific name,order
211639,Licnophorida,scientific name,order
213113,Desulfurellales,scientific name,order
213115,Desulfovibrionales,scientific name,order
213118,Desulfobacterales,scientific name,order
213462,Syntrophobacterales,scientific name,order
213481,Bdellovibrionales,scientific name,order
213849,Campylobacterales,scientific name,order
214503,Mortierellales,scientific name,order
214508,Paraglomerales,scientific name,order
214509,Diversisporales,scientific name,order
216204,Aspidosiphonidormes,scientific name,order
216210,Phascolosomatiformes,scientific name,order
216721,Lyrellales,scientific name,order
216751,Surirellales,scientific name,order
216758,Thalassiophysales,scientific name,order
216785,Coscinodiscales,scientific name,order
216817,Cyclophorales,scientific name,order
216905,Paraliales,scientific name,order
218872,Fibrobacterales,scientific name,order
219686,Gemmatimonadales,scientific name,order
219834,Protoheterotrichida,scientific name,order
222546,Boliniales,scientific name,order
224468,Procabacteriales,scientific name,order
225057,Acidithiobacillales,scientific name,order
228674,Bourgueticrinida,scientific name,order
228689,Cyrtocrinida,scientific name,order
231076,Ignatiales,scientific name,order
231212,Leucosporidiales,scientific name,order
231213,Sporidiobolales,scientific name,order
232378,Proteales,scientific name,order
232382,Gunnerales,scientific name,order
232392,Crossosomatales,scientific name,order
232508,Triceratiales,scientific name,order
233875,Celastrales,scientific name,order
235191,Exogemmida,scientific name,order
235899,Nautiliales,scientific name,order
238088,Neogregarinorida,scientific name,order
238779,Phaeosphaerida,scientific name,order
238786,Phaeodendrida,scientific name,order
238790,Phaeocystida,scientific name,order
238897,Chlamydodontida,scientific name,order
238898,Dysteriida,scientific name,order
244123,Pihiellales,scientific name,order
245176,Rhopalodiales,scientific name,order
245716,Glomeridesmida,scientific name,order
245732,Stemmiulida,scientific name,order
251709,Eccrinales,scientific name,order
252166,Coronophorales,scientific name,order
255473,Parvularculales,scientific name,order
255980,Pleuroziales,scientific name,order
259634,Acochlidiacea,scientific name,order
261007,Nymphaeales,scientific name,order
261008,Chloranthales,scientific name,order
261009,Amborellales,scientific name,order
261460,Chaetosphaeriales,scientific name,order
262506,Phaeophilales,scientific name,order
265318,Cyanidiales,scientific name,order
265576,Chaetocerotales,scientific name,order
265588,Rhaponeidales,scientific name,order
269027,Amphidiscosida,scientific name,order
269805,Cryptomycocolacales,scientific name,order
272738,Potamodrilidae,scientific name,order
278081,Lentisphaerales,scientific name,order
278082,Victivallales,scientific name,order
278205,Myoida,scientific name,order
278828,Astomatida,scientific name,order
278980,Nassellaria,scientific name,order
279647,Flabelligerida,scientific name,order
280577,Buxales,scientific name,order
282338,Stylonematales,scientific name,order
282414,Squaliformes,scientific name,order
283995,Murrayonida,scientific name,order
284002,Lithonida,scientific name,order
285692,Trichonymphida,scientific name,order
285693,Spirotrichonymphida,scientific name,order
291611,Lichinales,scientific name,order
292491,Thelebolales,scientific name,order
292576,Coniochaetales,scientific name,order
292629,Anaerolineales,scientific name,order
297313,Sebacinales,scientific name,order
304575,Pseudoscourfieldiales,scientific name,order
307595,Gloeobacterales,scientific name,order
310836,Cyclorhagida,scientific name,order
313555,Himatismenida,scientific name,order
318493,Arcellinida,scientific name,order
319670,Akentrogonida,scientific name,order
321066,Cathetocephalidea,scientific name,order
323296,Actinulida,scientific name,order
326966,Huerteales,scientific name,order
327712,Holasteroida,scientific name,order
332160,Solibacterales,scientific name,order
332294,Phaeogromida,scientific name,order
332306,Phaeoconchida,scientific name,order
338308,Philodinavidae,scientific name,order
343329,Kopriimonadales,scientific name,order
352445,Synhymeniida,scientific name,order
360085,Notomyotida,scientific name,order
362534,Kordiimonadales,scientific name,order
365322,Tubuliporida,scientific name,order
366435,Monophragmophora,scientific name,order
369753,Sebdeniales,scientific name,order
369754,Acrosymphytales,scientific name,order
370421,Albuginales,scientific name,order
373319,Pantopoda,scientific name,order
373738,Desmoscolecida,scientific name,order
385030,Pseudoamphisiellida,scientific name,order
388448,Ktedonobacterales,scientific name,order
388450,Peltigerales,scientific name,order
400689,Dendrocerotales,scientific name,order
400691,Notothyladales,scientific name,order
400693,Phymatocerotales,scientific name,order
400718,Pelliales,scientific name,order
400839,Trochodendrales,scientific name,order
402685,Leiosporocerotales,scientific name,order
402718,Monocleales,scientific name,order
402719,Ricciales,scientific name,order
402723,Pallaviciniales,scientific name,order
403664,Berberidopsidales,scientific name,order
403665,Dilleniales,scientific name,order
403666,Zygophyllales,scientific name,order
403667,Vitales,scientific name,order
404264,Oedipodiales,scientific name,order
404267,Buxbaumiales,scientific name,order
404269,Scouleriales,scientific name,order
404270,Bryoxiphiales,scientific name,order
404314,Ptychomniales,scientific name,order
406427,Anthoathecata,scientific name,order
408070,Odontostomatida,scientific name,order
414714,Catenulisporales,scientific name,order
415000,Opitutales,scientific name,order
415001,Puniceicoccales,scientific name,order
416805,Olpidiopsidales,scientific name,order
418917,Coccolithales,scientific name,order
418919,Phaeocystales,scientific name,order
418921,Zygodiscales,scientific name,order
418928,Syracosphaerales,scientific name,order
418930,Reticulosphaerales,scientific name,order
420262,Cymatosirales,scientific name,order
420267,Hemiaulales,scientific name,order
420269,Corethrales,scientific name,order
420271,Lithodesmiales,scientific name,order
420274,Biddulphiales,scientific name,order
420604,Hydrurales,scientific name,order
420622,Synurales,scientific name,order
420624,Rhizochloridales,scientific name,order
421860,Siphonophorida,scientific name,order
422760,Agamococcidiorida,scientific name,order
425074,Eustigmatales,scientific name,order
426653,Protoraphidales,scientific name,order
426655,Rhabdonematales,scientific name,order
426659,Tabellariales,scientific name,order
426665,Thalassionemales,scientific name,order
426672,Striatellales,scientific name,order
431958,Wallemiales,scientific name,order
432006,Erythrobasidiales,scientific name,order
432007,Naohideales,scientific name,order
432026,Mixiales,scientific name,order
432027,Helicobasidiales,scientific name,order
432046,Pachnocybales,scientific name,order
435411,Protosteliales,scientific name,order
447211,Dinophysiales,scientific name,order
449127,Climacospheniales,scientific name,order
451442,Rhizophydiales,scientific name,order
451861,Asellariales,scientific name,order
451869,Botryosphaeriales,scientific name,order
451880,Pyxidiophorales,scientific name,order
452221,Baeomycetales,scientific name,order
452225,Candelariales,scientific name,order
452227,Umbilicariales,scientific name,order
452228,Melanosporales,scientific name,order
452233,Triblidiales,scientific name,order
452281,Spiculogloeales,scientific name,order
452334,Atheliales,scientific name,order
452336,Gomphales,scientific name,order
452337,Hysterangiales,scientific name,order
452338,Corticiales,scientific name,order
452339,Gloeophyllales,scientific name,order
452342,Russulales,scientific name,order
452343,Trechisporales,scientific name,order
453227,Desulfarculales,scientific name,order
455492,Thermolithobacterales,scientific name,order
463049,Grossglockneriida,scientific name,order
464095,Picornavirales,scientific name,order
471822,Haloplasmatales,scientific name,order
475963,Caldilineales,scientific name,order
480566,Hypnodendrales,scientific name,order
485256,Natranaerobiales,scientific name,order
485343,Prasinococcales,scientific name,order
486728,Urostylida,scientific name,order
498764,Rhodachlyales,scientific name,order
500008,Leptothecata,scientific name,order
502085,Microthoracida,scientific name,order
510684,Sneathiellales,scientific name,order
515458,Anaulales,scientific name,order
519443,Malacovalvulida,scientific name,order
524891,Apostomatida,scientific name,order
526525,Erysipelotrichales,scientific name,order
531990,Onslowiales,scientific name,order
533206,Acanthopleuribacterales,scientific name,order
545373,Eremithallales,scientific name,order
548681,Herpesvirales,scientific name,order
549179,Nanaloricida,scientific name,order
551287,Sepiida,scientific name,order
551288,Sepiolida,scientific name,order
551289,Spirulida,scientific name,order
551290,Teuthida,scientific name,order
570264,Methanocellales,scientific name,order
574975,Holophagales,scientific name,order
578868,Chlorocystidales,scientific name,order
580371,Mariprofundales,scientific name,order
587470,Heterogloeales,scientific name,order
588673,Solirubrobacterales,scientific name,order
588674,Thermoleophilales,scientific name,order
589342,Pyrenomonadales,scientific name,order
589350,Cryptomonadales,scientific name,order
589438,Telonemida,scientific name,order
589444,Cryomonadida,scientific name,order
589512,Lophodiniales,scientific name,order
590977,Florenciellales,scientific name,order
590978,Rhizochromulinales,scientific name,order
592017,Polystilifera,scientific name,order
596497,Nitriliruptorales,scientific name,order
597358,Kiloniellales,scientific name,order
603422,Mytilinidiales,scientific name,order
622450,Actinopolysporales,scientific name,order
622452,Kineosporiales,scientific name,order
629767,Petrosaviales,scientific name,order
629768,Picramniales,scientific name,order
639021,Magnaporthales,scientific name,order
639208,Koralionastetales,scientific name,order
641854,Elusimicrobiales,scientific name,order
642598,Lobulomycetales,scientific name,order
642607,Cladochytriales,scientific name,order
642610,Rhizophlyctidales,scientific name,order
649776,Synergistales,scientific name,order
650048,Coccidiniales,scientific name,order
654833,Geoglossales,scientific name,order
655439,Carybdeida,scientific name,order
655440,Chirodropida,scientific name,order
658125,Chattonellales,scientific name,order
658648,Colaconematales,scientific name,order
661028,Rhodellales,scientific name,order
666506,Phycisphaerales,scientific name,order
667382,Baerida,scientific name,order
675063,Tymovirales,scientific name,order
680347,Pleurobranchomorpha,scientific name,order
684783,Moniligastrida,scientific name,order
685948,Fervidicoccales,scientific name,order
693072,Caldisericales,scientific name,order
693749,Osmundales,scientific name,order
693760,Hymenophyllales,scientific name,order
693761,Gleicheniales,scientific name,order
693762,Schizaeales,scientific name,order
693763,Cyatheales,scientific name,order
693921,Sporadotrichida,scientific name,order
703243,Bruniales,scientific name,order
703245,Escalloniales,scientific name,order
703246,Paracryphiales,scientific name,order
703495,Microthyriales,scientific name,order
707761,Hyocrinida,scientific name,order
710185,Arthrotardigrada,scientific name,order
710186,Echiniscoidea,scientific name,order
713634,Ferritrophicales,scientific name,order
714581,Trypetheliales,scientific name,order
716585,Acrospermales,scientific name,order
717963,Methylacidiphilales,scientific name,order
721927,Jaapiales,scientific name,order
721947,Amylocorticiales,scientific name,order
722750,Parmales,scientific name,order
725120,Opheliida,scientific name,order
730330,Entomobryomorpha,scientific name,order
730331,Poduromorpha,scientific name,order
734142,Echinothuroida,scientific name,order
735274,Millericrinida,scientific name,order
740972,Tritrichomonadida,scientific name,order
740974,Honigbergiellida,scientific name,order
740976,Cristamonadida,scientific name,order
740984,Hypotrichomonadida,scientific name,order
742030,Salinisphaerales,scientific name,order
742846,Ceraceosorales,scientific name,order
768507,Cytophagales,scientific name,order
768667,Thermogemmatisporales,scientific name,order
792580,Golfingiida,scientific name,order
795748,Ignavibacteriales,scientific name,order
856330,Nuculanoida,scientific name,order
871006,Acidilobales,scientific name,order
891380,Ralfsiales,scientific name,order
891383,Thoreales,scientific name,order
908621,Euzebyales,scientific name,order
909929,Selenomonadales,scientific name,order
926275,Crustaceacida,scientific name,order
930020,Rufusiales,scientific name,order
930024,Compsopogonales,scientific name,order
938097,Ethmodiscales,scientific name,order
941245,Asterolamprales,scientific name,order
948950,Pilosa,scientific name,order
948951,Cingulata,scientific name,order
977767,Cycloneritida,scientific name,order
981393,Neohodgsoniales,scientific name,order
981396,Lunulariales,scientific name,order
984499,Ptilidiales,scientific name,order
998816,Lituolida,scientific name,order
1003138,Toxariales,scientific name,order
1003315,Chrysanthemodiscales,scientific name,order
1003319,Mastogloiales,scientific name,order
1004267,Pinguiochrysidales,scientific name,order
1028384,Glomerellales,scientific name,order
1031676,Gigaspermales,scientific name,order
1033996,Nitrososphaerales,scientific name,order
1034061,Bartramiales,scientific name,order
1042313,Armatimonadales,scientific name,order
1051633,Spirillinida,scientific name,order
1051672,Holtermanniales,scientific name,order
1054998,Sticholonchida,scientific name,order
1055547,Tritirachiales,scientific name,order
1075813,Archaeorhizomycetales,scientific name,order
1077248,Neomeniamorpha,scientific name,order
1077249,Pholidoskepia,scientific name,order
1077250,Cavibelonia,scientific name,order
1077263,Chthonomonadales,scientific name,order
1100069,Bacteroidetes Order II. Incertae sedis,scientific name,order
1100071,Bacteroidetes Order IV. Incertae sedis,scientific name,order
1111111,Venturiales,scientific name,order
1127110,Holacanthida,scientific name,order
1127803,Savoryellales,scientific name,order
1127829,Candidatus Brocadiales,scientific name,order
1133283,Archaeosporales,scientific name,order
1134056,Polychytriales,scientific name,order
1150982,Muspiceida,scientific name,order
1154584,Gaiellales,scientific name,order
1170549,Rhynchodida,scientific name,order
1170550,Hypocomatida,scientific name,order
1174524,Rapaza,scientific name,order
1191478,Magnetococcales,scientific name,order
1202465,Dehalococcoidales,scientific name,order
1216353,Miliolida,scientific name,order
1217098,Jiangellales,scientific name,order
1217820,Xylonales,scientific name,order
1224679,Diphyllobothriidea,scientific name,order
1235850,Methanomassiliicoccales,scientific name,order
1237875,Rigifilida,scientific name,order
1238681,Glissomonadida,scientific name,order
1239064,Oxyrrhinales,scientific name,order
1240482,Orbales,scientific name,order
1249560,Plagiopylida,scientific name,order
1264872,Basidiobolales,scientific name,order
1264873,Neozygitales,scientific name,order
1280411,Archigregarinorida,scientific name,order
1292367,Dixoniellales,scientific name,order
1293499,Nitrospinales,scientific name,order
1293513,Coniocybales,scientific name,order
1294634,Crocodylia,scientific name,order
1298590,Kriegeriales,scientific name,order
1302181,Caliciales,scientific name,order
1306445,Leprocaulales,scientific name,order
1312376,Fecampiida,scientific name,order
1313208,Oligosphaerales,scientific name,order
1315716,Picomonadida,scientific name,order
1334978,Stictocyclales,scientific name,order
1339693,Geminibasidiales,scientific name,order
1365975,Bothriocephalidea,scientific name,order
1367446,Vampyrellida,scientific name,order
1382929,Ardenticatenales,scientific name,order
1385564,Lichenostigmatales,scientific name,order
1387701,Scotinosphaerales,scientific name,order
1389450,Candidatus Actinomarinales,scientific name,order
1395567,Carterinida,scientific name,order
1405800,Entwisleiales,scientific name,order
1419470,Phyllobothriidea,scientific name,order
1419472,Onchoproteocephalidea,scientific name,order
1419493,Salenioida,scientific name,order
1426915,Collodaria,scientific name,order
1429049,Abrothallales,scientific name,order
1429051,Lepidostromatales,scientific name,order
1442155,Ferrovales,scientific name,order
1446378,Araucariales,scientific name,order
1446379,Cupressales,scientific name,order
1446380,Pinales,scientific name,order
1484953,Phacidiales,scientific name,order
1485168,Longamoebia,scientific name,order
1485951,Desulfurobacteriales,scientific name,order
1486921,Gromochytriales,scientific name,order
1486925,Mesochytriales,scientific name,order
1489345,Hiodontiformes,scientific name,order
1489486,Alepocephaliformes,scientific name,order
1489795,Lepidogalaxiiformes,scientific name,order
1489837,Stylephoriformes,scientific name,order
1489876,Kurtiformes,scientific name,order
1489878,Gobiiformes,scientific name,order
1489894,Scombriformes,scientific name,order
1489900,Anabantiformes,scientific name,order
1489906,Istiophoriformes,scientific name,order
1489907,Carangiformes,scientific name,order
1489911,Cichliformes,scientific name,order
1489912,Pholidichthyiformes,scientific name,order
1489921,Blenniiformes,scientific name,order
1489926,Uranoscopiformes,scientific name,order
1489928,Labriformes,scientific name,order
1489929,Lobotiformes,scientific name,order
1489930,Ephippiformes,scientific name,order
1489931,Spariformes,scientific name,order
1489937,Acanthuriformes,scientific name,order
1489939,Pempheriformes,scientific name,order
1489940,Centrarchiformes,scientific name,order
1490028,Holocentriformes,scientific name,order
1495647,Thermoflexales,scientific name,order
1500419,Lecideales,scientific name,order
1500427,Rhizocarpales,scientific name,order
1505233,Chitinivibrionales,scientific name,order
1508535,Kallotenuales,scientific name,order
1511857,Ligamenvirales,scientific name,order
1518855,Arctomiales,scientific name,order
1518856,Hymeneliales,scientific name,order
1519617,Sarrameanales,scientific name,order
1520783,Trapeliales,scientific name,order
1524963,Palmophyllales,scientific name,order
1525213,Dolichomastigales,scientific name,order
1525214,Monomastigales,scientific name,order
1535296,Glaucosphaerales,scientific name,order
1535297,Marsupiomonadales,scientific name,order
1538066,Moniliellales,scientific name,order
1538097,Boraginales,scientific name,order
1544799,Rhodothalassiales,scientific name,order
1545895,Chaetodontiformes,scientific name,order
1553901,Oligoflexales,scientific name,order
1563120,Notoungulata,scientific name,order
1563124,Litopterna,scientific name,order
1564048,Lucinoida,scientific name,order
1572403,Phaeocalpida,scientific name,order
1572407,Phaeogymnocellida,scientific name,order
1572707,Tubeufiales,scientific name,order
1588757,Pisorisporiales,scientific name,order
1611870,Collothecaceae,scientific name,order
1617890,Arenicellales,scientific name,order
1618100,Phaeomoniellales,scientific name,order
1619909,Asterinales,scientific name,order
1643682,Geodermatophilales,scientific name,order
1643683,Acidothermales,scientific name,order
1643684,Nakamurellales,scientific name,order
1643686,Brachyspirales,scientific name,order
1643687,Brevinematales,scientific name,order
1643822,Eggerthellales,scientific name,order
1643946,Kosmotogales,scientific name,order
1643947,Petrotogales,scientific name,order
1644055,Haloferacales,scientific name,order
1644060,Natrialbales,scientific name,order
1652079,Protura,scientific name,order
1659750,Robertinida,scientific name,order
1663097,Anisolpidiales,scientific name,order
1663425,Fimbriimonadales,scientific name,order
1665692,Minutisphaerales,scientific name,order
1665694,Natipusillales,scientific name,order
1676649,Limnochordales,scientific name,order
1680668,Valsariales,scientific name,order
1680909,Prostomatida,scientific name,order
1692040,Acidiferrobacterales,scientific name,order
1696059,Talbotiomycetales,scientific name,order
1705611,Hapalidiales,scientific name,order
1706369,Cellvibrionales,scientific name,order
1737405,Tissierellales,scientific name,order
1747768,Egibacterales,scientific name,order
1749035,Violaceomycetales,scientific name,order
1755823,Egicoccales,scientific name,order
1769716,Mesoaciditogales,scientific name,order
1771349,Tepidisphaerales,scientific name,order
1775403,Nevskiales,scientific name,order
1775898,Togniniales,scientific name,order
1779134,Bradymonadales,scientific name,order
1779149,Chondrillida,scientific name,order
1779151,Verongiida,scientific name,order
1779152,Axinellida,scientific name,order
1779153,Biemnida,scientific name,order
1779154,Bubarida,scientific name,order
1779155,Clionaida,scientific name,order
1779156,Desmacellida,scientific name,order
1779157,Merliida,scientific name,order
1779158,Polymastiida,scientific name,order
1779160,Sphaerocladina,scientific name,order
1779161,Spongillida,scientific name,order
1779162,Suberitida,scientific name,order
1779163,Tethyida,scientific name,order
1779164,Tetractinellida,scientific name,order
1779165,Trachycladida,scientific name,order
1783344,Endomicrobiales,scientific name,order
1802789,Metteniusales,scientific name,order
1802790,Icacinales,scientific name,order
1803398,Candidatus Peribacterales,scientific name,order
1803511,Candidatus Altiarchaeales,scientific name,order
1804766,Robbauerales,scientific name,order
1804992,Longimicrobiales,scientific name,order
1809179,Conioscyphales,scientific name,order
1809182,Pleurotheciales,scientific name,order
1809228,Torpedosporales,scientific name,order
1809229,Falcocladiales,scientific name,order
1809278,Myrmecridiales,scientific name,order
1809280,Annulatascales,scientific name,order
1812916,Fibromonadales,scientific name,order
1818663,Phaeotrichales,scientific name,order
1824639,Monoblastiales,scientific name,order
1824640,Collemopsidiales,scientific name,order
1824641,Strigulales,scientific name,order
1836787,Chthoniobacterales,scientific name,order
1843488,Acidaminococcales,scientific name,order
1843489,Veillonellales,scientific name,order
1851469,Trichosporonales,scientific name,order
1853223,Balneolales,scientific name,order
1853224,Rhodothermales,scientific name,order
1853229,Chitinophagales,scientific name,order
1860137,Chitinispirillales,scientific name,order
1880621,Cocconeidales,scientific name,order
1882926,Cyphobasidiales,scientific name,order
1890385,Torodiniales,scientific name,order
1890424,Synechococcales,scientific name,order
1890443,Spirulinales,scientific name,order
1890505,Chroococcidiopsidales,scientific name,order
1890940,Nanoarchaeales,scientific name,order
1895403,Asterotexiales,scientific name,order
1904611,Golubeviales,scientific name,order
1905220,Goniochloridales,scientific name,order
1906150,Candidatus Caenarcaniphilales,scientific name,order
1906152,Candidatus Obscuribacterales,scientific name,order
1909185,Aulocalycoida,scientific name,order
1913639,Umbelopsidales,scientific name,order
1915414,Candidatus Methanomethyliales,scientific name,order
1921002,Holosporales,scientific name,order
1921567,Micropepsales,scientific name,order
1921782,Kiritimatiellales,scientific name,order
1929018,Pseudoditrichales,scientific name,order
1934945,Immundisolibacterales,scientific name,order
1936988,Saprospirales,scientific name,order
1940606,Stigmatodiscales,scientific name,order
1955042,Gloeoemargaritales,scientific name,order
1956187,Cariamiformes,scientific name,order
1961800,Superstratomycetales,scientific name,order
1962852,Calditrichales,scientific name,order
1963360,Parachlamydiales,scientific name,order
1963390,Fuscosporellales,scientific name,order
1964463,Enchytraeida,scientific name,order
1968909,Candidatus Nitrosocaldales,scientific name,order
1970189,Marinilabiliales,scientific name,order
1974272,Sessilida,scientific name,order
1974273,Mobilida,scientific name,order
1977401,Vahliales,scientific name,order
1980410,Bunyavirales,scientific name,order
1985647,Sclerococcales,scientific name,order
2024527,Caproiformes,scientific name,order
2024536,Priacanthiformes,scientific name,order
2024538,Gerreiformes,scientific name,order
2024539,Lutjaniformes,scientific name,order
2024973,Silvanigrellales,scientific name,order
2024979,Bacteriovoracales,scientific name,order
2029571,Thelocarpales,scientific name,order
2029574,Vezdaeales,scientific name,order
2039638,Candidatus Nanopelagicales,scientific name,order
2044726,Dioctophymatida,scientific name,order
2044972,Benthimermithida,scientific name,order
2044973,Plectida,scientific name,order
2045499,Corynodactylales,scientific name,order
2058181,Acytosteliales,scientific name,order
2058949,Dictyosteliales,scientific name,order
2066484,Iodidimonadales,scientific name,order
2081776,Xenospadicoidales,scientific name,order
2082882,Euonychophora,scientific name,order
2082909,Priapulimorphida,scientific name,order
2082948,Tetramerocerata,scientific name,order
2083177,Rhaptothyreida,scientific name,order
2108005,Tremellodendropsidales,scientific name,order
2108076,Licmophorales,scientific name,order
2109260,Abditibacteriales,scientific name,order
2126967,Symbiotaphrinales,scientific name,order
2137301,Sterrofustia,scientific name,order
2138246,Coprothermobacterales,scientific name,order
2152897,Candidatus Fermentibacterales,scientific name,order
2169561,Ortervirales,scientific name,order
2172500,Aquavolonida,scientific name,order
